<simulation>
<NetName>
	22_optic_eu_latlon
</NetName>
<IntensityTolerance>	11</IntensityTolerance>
<log_type>
	complete
</log_type>
<spherical>
	1
</spherical>
<log_size>
	16
</log_size>
<PSRLGList>	
	<PSRLG>
		<Edges>
			11:(18, 12)
		</Edges>
		<EdgeNum>
			1
		</EdgeNum>
		<Probability>
			6.13364739243754e-08
		</Probability>
	</PSRLG>	
	<PSRLG>
		<Edges>
		
		</Edges>
		<EdgeNum>
			0
		</EdgeNum>
		<Probability>
			3.2968354734351845e-06
		</Probability>
	</PSRLG>	
	<PSRLG>
		<Edges>
			22:(12, 5)
		</Edges>
		<EdgeNum>
			1
		</EdgeNum>
		<Probability>
			4.600235544328155e-08
		</Probability>
	</PSRLG>	
	<PSRLG>
		<Edges>
			19:(13, 10)
		</Edges>
		<EdgeNum>
			1
		</EdgeNum>
		<Probability>
			1.6867530329203238e-07
		</Probability>
	</PSRLG>	
	<PSRLG>
		<Edges>
			33:(7, 5)
		</Edges>
		<EdgeNum>
			1
		</EdgeNum>
		<Probability>
			6.13364739243754e-08
		</Probability>
	</PSRLG>	
	<PSRLG>
		<Edges>
			37:(5, 1)
		</Edges>
		<EdgeNum>
			1
		</EdgeNum>
		<Probability>
			4.446894359517216e-07
		</Probability>
	</PSRLG>	
	<PSRLG>
		<Edges>
			43:(2, 1)
		</Edges>
		<EdgeNum>
			1
		</EdgeNum>
		<Probability>
			1.226729478487509e-06
		</Probability>
	</PSRLG>	
	<PSRLG>
		<Edges>
			42:(3, 1)
			43:(2, 1)
		</Edges>
		<EdgeNum>
			2
		</EdgeNum>
		<Probability>
			1.5334118481093855e-07
		</Probability>
	</PSRLG>	
	<PSRLG>
		<Edges>
			42:(3, 1)
		</Edges>
		<EdgeNum>
			1
		</EdgeNum>
		<Probability>
			2.1467765873531398e-07
		</Probability>
	</PSRLG>	
	<PSRLG>
		<Edges>
			44:(1, 0)
		</Edges>
		<EdgeNum>
			1
		</EdgeNum>
		<Probability>
			1.8400942177312626e-07
		</Probability>
	</PSRLG>	
	<PSRLG>
		<Edges>
			39:(4, 1)
		</Edges>
		<EdgeNum>
			1
		</EdgeNum>
		<Probability>
			3.06682369621877e-08
		</Probability>
	</PSRLG>	
	<PSRLG>
		<Edges>
			38:(5, 0)
		</Edges>
		<EdgeNum>
			1
		</EdgeNum>
		<Probability>
			3.833529620273463e-07
		</Probability>
	</PSRLG>	
	<PSRLG>
		<Edges>
			40:(4, 0)
		</Edges>
		<EdgeNum>
			1
		</EdgeNum>
		<Probability>
			5.06025909876097e-07
		</Probability>
	</PSRLG>	
	<PSRLG>
		<Edges>
			31:(8, 4)
		</Edges>
		<EdgeNum>
			1
		</EdgeNum>
		<Probability>
			3.06682369621877e-08
		</Probability>
	</PSRLG>	
	<PSRLG>
		<Edges>
			41:(3, 2)
		</Edges>
		<EdgeNum>
			1
		</EdgeNum>
		<Probability>
			4.600235544328155e-08
		</Probability>
	</PSRLG>	
	<PSRLG>
		<Edges>
			30:(8, 6)
		</Edges>
		<EdgeNum>
			1
		</EdgeNum>
		<Probability>
			4.600235544328155e-08
		</Probability>
	</PSRLG>
</PSRLGList>
</simulation>