<simulation>
<NetName>
	22_optic_eu_latlon
</NetName>
<IntensityTolerance>	12</IntensityTolerance>
<log_type>
	simple
</log_type>
<spherical>
	1
</spherical>
<log_size>
	4
</log_size>
<PSRLGList>	
	<PSRLG>
		<Edges>
			37:(5, 1)
		</Edges>
		<EdgeNum>
			1
		</EdgeNum>
		<Probability>
			4.600235544328155e-08
		</Probability>
	</PSRLG>	
	<PSRLG>
		<Edges>
			43:(2, 1)
		</Edges>
		<EdgeNum>
			1
		</EdgeNum>
		<Probability>
			4.600235544328155e-08
		</Probability>
	</PSRLG>	
	<PSRLG>
		<Edges>
			38:(5, 0)
		</Edges>
		<EdgeNum>
			1
		</EdgeNum>
		<Probability>
			7.667059240546926e-08
		</Probability>
	</PSRLG>	
	<PSRLG>
		<Edges>
			40:(4, 0)
		</Edges>
		<EdgeNum>
			1
		</EdgeNum>
		<Probability>
			7.667059240546926e-08
		</Probability>
	</PSRLG>
</PSRLGList>
</simulation>