<simulation>
<NetName>
	26_usanet_latlon
</NetName>
<IntensityTolerance>	11</IntensityTolerance>
<log_type>
	simple
</log_type>
<spherical>
	1
</spherical>
<log_size>
	27
</log_size>
<PSRLGList>	
	<PSRLG>
		<Edges>
			29:(12, 22)
		</Edges>
		<EdgeNum>
			1
		</EdgeNum>
		<Probability>
			2.9551514928347855e-07
		</Probability>
	</PSRLG>	
	<PSRLG>
		<Edges>
			22:(7, 22)
			25:(10, 22)
			26:(11, 22)
			29:(12, 22)
		</Edges>
		<EdgeNum>
			4
		</EdgeNum>
		<Probability>
			1.2615195362116975e-09
		</Probability>
	</PSRLG>	
	<PSRLG>
		<Edges>
			26:(11, 22)
			29:(12, 22)
		</Edges>
		<EdgeNum>
			2
		</EdgeNum>
		<Probability>
			8.933637082776104e-09
		</Probability>
	</PSRLG>	
	<PSRLG>
		<Edges>
			25:(10, 22)
		</Edges>
		<EdgeNum>
			1
		</EdgeNum>
		<Probability>
			1.5272754352749966e-05
		</Probability>
	</PSRLG>	
	<PSRLG>
		<Edges>
			22:(7, 22)
			25:(10, 22)
		</Edges>
		<EdgeNum>
			2
		</EdgeNum>
		<Probability>
			9.244998175125956e-10
		</Probability>
	</PSRLG>	
	<PSRLG>
		<Edges>
			26:(11, 22)
		</Edges>
		<EdgeNum>
			1
		</EdgeNum>
		<Probability>
			2.3141222101519208e-07
		</Probability>
	</PSRLG>	
	<PSRLG>
		<Edges>
			22:(7, 22)
		</Edges>
		<EdgeNum>
			1
		</EdgeNum>
		<Probability>
			4.6248099854894836e-07
		</Probability>
	</PSRLG>	
	<PSRLG>
		<Edges>
			21:(7, 10)
			24:(9, 10)
			25:(10, 22)
		</Edges>
		<EdgeNum>
			3
		</EdgeNum>
		<Probability>
			7.419976220318151e-07
		</Probability>
	</PSRLG>	
	<PSRLG>
		<Edges>
			21:(7, 10)
			25:(10, 22)
		</Edges>
		<EdgeNum>
			2
		</EdgeNum>
		<Probability>
			4.1151984323221274e-07
		</Probability>
	</PSRLG>	
	<PSRLG>
		<Edges>
			24:(9, 10)
		</Edges>
		<EdgeNum>
			1
		</EdgeNum>
		<Probability>
			3.111016373879423e-05
		</Probability>
	</PSRLG>	
	<PSRLG>
		<Edges>
			21:(7, 10)
		</Edges>
		<EdgeNum>
			1
		</EdgeNum>
		<Probability>
			1.0761620974095086e-05
		</Probability>
	</PSRLG>	
	<PSRLG>
		<Edges>
			21:(7, 10)
			24:(9, 10)
		</Edges>
		<EdgeNum>
			2
		</EdgeNum>
		<Probability>
			4.576859074238678e-08
		</Probability>
	</PSRLG>	
	<PSRLG>
		<Edges>
			20:(6, 7)
			21:(7, 10)
			22:(7, 22)
		</Edges>
		<EdgeNum>
			3
		</EdgeNum>
		<Probability>
			5.034542592692344e-08
		</Probability>
	</PSRLG>	
	<PSRLG>
		<Edges>
			20:(6, 7)
		</Edges>
		<EdgeNum>
			1
		</EdgeNum>
		<Probability>
			3.7167572734722637e-06
		</Probability>
	</PSRLG>	
	<PSRLG>
		<Edges>
			20:(6, 7)
			22:(7, 22)
		</Edges>
		<EdgeNum>
			2
		</EdgeNum>
		<Probability>
			1.3380825382199883e-09
		</Probability>
	</PSRLG>	
	<PSRLG>
		<Edges>
			19:(6, 9)
			23:(8, 9)
			24:(9, 10)
		</Edges>
		<EdgeNum>
			3
		</EdgeNum>
		<Probability>
			7.830323681617517e-07
		</Probability>
	</PSRLG>	
	<PSRLG>
		<Edges>
			19:(6, 9)
			24:(9, 10)
		</Edges>
		<EdgeNum>
			2
		</EdgeNum>
		<Probability>
			1.1208112331119427e-07
		</Probability>
	</PSRLG>	
	<PSRLG>
		<Edges>
			19:(6, 9)
		</Edges>
		<EdgeNum>
			1
		</EdgeNum>
		<Probability>
			1.4977144573379285e-05
		</Probability>
	</PSRLG>	
	<PSRLG>
		<Edges>
			23:(8, 9)
		</Edges>
		<EdgeNum>
			1
		</EdgeNum>
		<Probability>
			1.43649492389133e-05
		</Probability>
	</PSRLG>	
	<PSRLG>
		<Edges>
			19:(6, 9)
			23:(8, 9)
		</Edges>
		<EdgeNum>
			2
		</EdgeNum>
		<Probability>
			1.6679400513254024e-07
		</Probability>
	</PSRLG>	
	<PSRLG>
		<Edges>
			19:(6, 9)
			20:(6, 7)
		</Edges>
		<EdgeNum>
			2
		</EdgeNum>
		<Probability>
			2.8179881175506037e-08
		</Probability>
	</PSRLG>	
	<PSRLG>
		<Edges>
			13:(4, 6)
		</Edges>
		<EdgeNum>
			1
		</EdgeNum>
		<Probability>
			5.176256213774339e-07
		</Probability>
	</PSRLG>	
	<PSRLG>
		<Edges>
			13:(4, 6)
			18:(6, 8)
			19:(6, 9)
			20:(6, 7)
		</Edges>
		<EdgeNum>
			4
		</EdgeNum>
		<Probability>
			9.433575828462463e-08
		</Probability>
	</PSRLG>	
	<PSRLG>
		<Edges>
			18:(6, 8)
			19:(6, 9)
			20:(6, 7)
		</Edges>
		<EdgeNum>
			3
		</EdgeNum>
		<Probability>
			7.285105868924324e-09
		</Probability>
	</PSRLG>	
	<PSRLG>
		<Edges>
			18:(6, 8)
		</Edges>
		<EdgeNum>
			1
		</EdgeNum>
		<Probability>
			4.493504453532121e-06
		</Probability>
	</PSRLG>	
	<PSRLG>
		<Edges>
			18:(6, 8)
			19:(6, 9)
		</Edges>
		<EdgeNum>
			2
		</EdgeNum>
		<Probability>
			9.826769177944377e-09
		</Probability>
	</PSRLG>	
	<PSRLG>
		<Edges>
			18:(6, 8)
			23:(8, 9)
		</Edges>
		<EdgeNum>
			2
		</EdgeNum>
		<Probability>
			5.61491098584873e-07
		</Probability>
	</PSRLG>
</PSRLGList>
</simulation>