<simulation>
<NetName>
	28_optic_eu_latlon
</NetName>
<IntensityTolerance>	10</IntensityTolerance>
<log_type>
	simple
</log_type>
<spherical>
	1
</spherical>
<log_size>
	18
</log_size>
<PSRLGList>	
	<PSRLG>
		<Edges>
			7:(23, 18)
		</Edges>
		<EdgeNum>
			1
		</EdgeNum>
		<Probability>
			7.973741610168799e-07
		</Probability>
	</PSRLG>	
	<PSRLG>
		<Edges>
			15:(18, 15)
		</Edges>
		<EdgeNum>
			1
		</EdgeNum>
		<Probability>
			3.06682369621877e-07
		</Probability>
	</PSRLG>	
	<PSRLG>
		<Edges>
			16:(17, 16)
		</Edges>
		<EdgeNum>
			1
		</EdgeNum>
		<Probability>
			6.13364739243754e-08
		</Probability>
	</PSRLG>	
	<PSRLG>
		<Edges>
			17:(17, 13)
		</Edges>
		<EdgeNum>
			1
		</EdgeNum>
		<Probability>
			3.06682369621877e-08
		</Probability>
	</PSRLG>	
	<PSRLG>
		<Edges>
			22:(13, 12)
		</Edges>
		<EdgeNum>
			1
		</EdgeNum>
		<Probability>
			8.127082794979737e-07
		</Probability>
	</PSRLG>	
	<PSRLG>
		<Edges>
			23:(13, 1)
		</Edges>
		<EdgeNum>
			1
		</EdgeNum>
		<Probability>
			4.370223767111746e-06
		</Probability>
	</PSRLG>	
	<PSRLG>
		<Edges>
			24:(12, 11)
		</Edges>
		<EdgeNum>
			1
		</EdgeNum>
		<Probability>
			2.606800141785955e-07
		</Probability>
	</PSRLG>	
	<PSRLG>
		<Edges>
			23:(13, 1)
			38:(3, 1)
			40:(1, 0)
		</Edges>
		<EdgeNum>
			3
		</EdgeNum>
		<Probability>
			3.833529620273461e-07
		</Probability>
	</PSRLG>	
	<PSRLG>
		<Edges>
			40:(1, 0)
		</Edges>
		<EdgeNum>
			1
		</EdgeNum>
		<Probability>
			9.921174657267726e-06
		</Probability>
	</PSRLG>	
	<PSRLG>
		<Edges>
			38:(3, 1)
		</Edges>
		<EdgeNum>
			1
		</EdgeNum>
		<Probability>
			1.2573977154496967e-06
		</Probability>
	</PSRLG>	
	<PSRLG>
		<Edges>
			38:(3, 1)
			40:(1, 0)
		</Edges>
		<EdgeNum>
			2
		</EdgeNum>
		<Probability>
			3.06682369621877e-08
		</Probability>
	</PSRLG>	
	<PSRLG>
		<Edges>
			35:(5, 3)
			37:(3, 2)
			38:(3, 1)
		</Edges>
		<EdgeNum>
			3
		</EdgeNum>
		<Probability>
			1.533411848109385e-08
		</Probability>
	</PSRLG>	
	<PSRLG>
		<Edges>
			35:(5, 3)
		</Edges>
		<EdgeNum>
			1
		</EdgeNum>
		<Probability>
			3.6801884354625236e-07
		</Probability>
	</PSRLG>	
	<PSRLG>
		<Edges>
			25:(12, 5)
		</Edges>
		<EdgeNum>
			1
		</EdgeNum>
		<Probability>
			7.667059240546926e-08
		</Probability>
	</PSRLG>	
	<PSRLG>
		<Edges>
			37:(3, 2)
		</Edges>
		<EdgeNum>
			1
		</EdgeNum>
		<Probability>
			5.213600283571908e-07
		</Probability>
	</PSRLG>	
	<PSRLG>
		<Edges>
			34:(6, 4)
		</Edges>
		<EdgeNum>
			1
		</EdgeNum>
		<Probability>
			1.5334118481093852e-07
		</Probability>
	</PSRLG>	
	<PSRLG>
		<Edges>
			32:(7, 4)
		</Edges>
		<EdgeNum>
			1
		</EdgeNum>
		<Probability>
			2.1467765873531392e-07
		</Probability>
	</PSRLG>	
	<PSRLG>
		<Edges>
			39:(2, 0)
		</Edges>
		<EdgeNum>
			1
		</EdgeNum>
		<Probability>
			1.2267294784875088e-06
		</Probability>
	</PSRLG>
</PSRLGList>
</simulation>