<simulation>
<NetName>
	28_optic_eu_latlon
</NetName>
<IntensityTolerance>	11</IntensityTolerance>
<log_type>
	simple
</log_type>
<spherical>
	1
</spherical>
<log_size>
	8
</log_size>
<PSRLGList>	
	<PSRLG>
		<Edges>
			7:(23, 18)
		</Edges>
		<EdgeNum>
			1
		</EdgeNum>
		<Probability>
			1.3800706632984466e-07
		</Probability>
	</PSRLG>	
	<PSRLG>
		<Edges>
			22:(13, 12)
		</Edges>
		<EdgeNum>
			1
		</EdgeNum>
		<Probability>
			6.13364739243754e-08
		</Probability>
	</PSRLG>	
	<PSRLG>
		<Edges>
			23:(13, 1)
		</Edges>
		<EdgeNum>
			1
		</EdgeNum>
		<Probability>
			4.446894359517216e-07
		</Probability>
	</PSRLG>	
	<PSRLG>
		<Edges>
			24:(12, 11)
		</Edges>
		<EdgeNum>
			1
		</EdgeNum>
		<Probability>
			4.600235544328155e-08
		</Probability>
	</PSRLG>	
	<PSRLG>
		<Edges>
			40:(1, 0)
		</Edges>
		<EdgeNum>
			1
		</EdgeNum>
		<Probability>
			1.226729478487509e-06
		</Probability>
	</PSRLG>	
	<PSRLG>
		<Edges>
			38:(3, 1)
		</Edges>
		<EdgeNum>
			1
		</EdgeNum>
		<Probability>
			3.06682369621877e-08
		</Probability>
	</PSRLG>	
	<PSRLG>
		<Edges>
			37:(3, 2)
		</Edges>
		<EdgeNum>
			1
		</EdgeNum>
		<Probability>
			1.533411848109385e-08
		</Probability>
	</PSRLG>	
	<PSRLG>
		<Edges>
			32:(7, 4)
		</Edges>
		<EdgeNum>
			1
		</EdgeNum>
		<Probability>
			1.533411848109385e-08
		</Probability>
	</PSRLG>
</PSRLGList>
</simulation>