<simulation>
<NetName>
	28_optic_eu_latlon
</NetName>
<IntensityTolerance>	12</IntensityTolerance>
<log_type>
	complete
</log_type>
<spherical>
	1
</spherical>
<log_size>
	4
</log_size>
<PSRLGList>	
	<PSRLG>
		<Edges>
			7:(23, 18)
		</Edges>
		<EdgeNum>
			1
		</EdgeNum>
		<Probability>
			1.533411848109385e-08
		</Probability>
	</PSRLG>	
	<PSRLG>
		<Edges>
		
		</Edges>
		<EdgeNum>
			0
		</EdgeNum>
		<Probability>
			1.0733882936765697e-07
		</Probability>
	</PSRLG>	
	<PSRLG>
		<Edges>
			23:(13, 1)
		</Edges>
		<EdgeNum>
			1
		</EdgeNum>
		<Probability>
			4.600235544328155e-08
		</Probability>
	</PSRLG>	
	<PSRLG>
		<Edges>
			40:(1, 0)
		</Edges>
		<EdgeNum>
			1
		</EdgeNum>
		<Probability>
			4.600235544328155e-08
		</Probability>
	</PSRLG>
</PSRLGList>
</simulation>