<simulation>
<NetName>
	37_eu_latlon
</NetName>
<IntensityTolerance>	12</IntensityTolerance>
<log_type>
	simple
</log_type>
<spherical>
	1
</spherical>
<log_size>
	3
</log_size>
<PSRLGList>	
	<PSRLG>
		<Edges>
			40:(23, 30)
		</Edges>
		<EdgeNum>
			1
		</EdgeNum>
		<Probability>
			1.533411848109385e-08
		</Probability>
	</PSRLG>	
	<PSRLG>
		<Edges>
			5:(2, 16)
		</Edges>
		<EdgeNum>
			1
		</EdgeNum>
		<Probability>
			4.600235544328155e-08
		</Probability>
	</PSRLG>	
	<PSRLG>
		<Edges>
			0:(0, 1)
		</Edges>
		<EdgeNum>
			1
		</EdgeNum>
		<Probability>
			1.993435402542201e-07
		</Probability>
	</PSRLG>
</PSRLGList>
</simulation>