<simulation>
<NetName>
	37_eu_latlon
</NetName>
<IntensityTolerance>	11</IntensityTolerance>
<log_type>
	simple
</log_type>
<spherical>
	1
</spherical>
<log_size>
	12
</log_size>
<PSRLGList>	
	<PSRLG>
		<Edges>
			40:(23, 30)
		</Edges>
		<EdgeNum>
			1
		</EdgeNum>
		<Probability>
			1.3800706632984466e-07
		</Probability>
	</PSRLG>	
	<PSRLG>
		<Edges>
			26:(15, 16)
		</Edges>
		<EdgeNum>
			1
		</EdgeNum>
		<Probability>
			6.13364739243754e-08
		</Probability>
	</PSRLG>	
	<PSRLG>
		<Edges>
			5:(2, 16)
		</Edges>
		<EdgeNum>
			1
		</EdgeNum>
		<Probability>
			4.446894359517216e-07
		</Probability>
	</PSRLG>	
	<PSRLG>
		<Edges>
			24:(14, 15)
		</Edges>
		<EdgeNum>
			1
		</EdgeNum>
		<Probability>
			4.600235544328155e-08
		</Probability>
	</PSRLG>	
	<PSRLG>
		<Edges>
			3:(1, 2)
		</Edges>
		<EdgeNum>
			1
		</EdgeNum>
		<Probability>
			1.686753032920324e-07
		</Probability>
	</PSRLG>	
	<PSRLG>
		<Edges>
			4:(2, 3)
		</Edges>
		<EdgeNum>
			1
		</EdgeNum>
		<Probability>
			3.06682369621877e-08
		</Probability>
	</PSRLG>	
	<PSRLG>
		<Edges>
			0:(0, 1)
		</Edges>
		<EdgeNum>
			1
		</EdgeNum>
		<Probability>
			2.4841271939372084e-06
		</Probability>
	</PSRLG>	
	<PSRLG>
		<Edges>
			7:(3, 4)
		</Edges>
		<EdgeNum>
			1
		</EdgeNum>
		<Probability>
			1.533411848109385e-08
		</Probability>
	</PSRLG>	
	<PSRLG>
		<Edges>
			12:(6, 36)
		</Edges>
		<EdgeNum>
			1
		</EdgeNum>
		<Probability>
			7.667059240546926e-08
		</Probability>
	</PSRLG>	
	<PSRLG>
		<Edges>
			2:(0, 3)
		</Edges>
		<EdgeNum>
			1
		</EdgeNum>
		<Probability>
			3.06682369621877e-08
		</Probability>
	</PSRLG>	
	<PSRLG>
		<Edges>
			9:(4, 5)
		</Edges>
		<EdgeNum>
			1
		</EdgeNum>
		<Probability>
			1.2267294784875083e-07
		</Probability>
	</PSRLG>	
	<PSRLG>
		<Edges>
			1:(0, 5)
		</Edges>
		<EdgeNum>
			1
		</EdgeNum>
		<Probability>
			4.600235544328155e-08
		</Probability>
	</PSRLG>
</PSRLGList>
</simulation>