<simulation>
<NetName>
	37_eu_latlon
</NetName>
<IntensityTolerance>	10</IntensityTolerance>
<log_type>
	simple
</log_type>
<spherical>
	1
</spherical>
<log_size>
	26
</log_size>
<PSRLGList>	
	<PSRLG>
		<Edges>
			44:(24, 35)
			54:(32, 35)
			56:(34, 35)
		</Edges>
		<EdgeNum>
			3
		</EdgeNum>
		<Probability>
			9.200471088656312e-08
		</Probability>
	</PSRLG>	
	<PSRLG>
		<Edges>
			56:(34, 35)
		</Edges>
		<EdgeNum>
			1
		</EdgeNum>
		<Probability>
			1.533411848109385e-08
		</Probability>
	</PSRLG>	
	<PSRLG>
		<Edges>
			54:(32, 35)
		</Edges>
		<EdgeNum>
			1
		</EdgeNum>
		<Probability>
			1.533411848109385e-08
		</Probability>
	</PSRLG>	
	<PSRLG>
		<Edges>
			44:(24, 35)
		</Edges>
		<EdgeNum>
			1
		</EdgeNum>
		<Probability>
			1.533411848109385e-08
		</Probability>
	</PSRLG>	
	<PSRLG>
		<Edges>
			40:(23, 30)
		</Edges>
		<EdgeNum>
			1
		</EdgeNum>
		<Probability>
			7.973741610168799e-07
		</Probability>
	</PSRLG>	
	<PSRLG>
		<Edges>
			29:(17, 18)
		</Edges>
		<EdgeNum>
			1
		</EdgeNum>
		<Probability>
			6.13364739243754e-08
		</Probability>
	</PSRLG>	
	<PSRLG>
		<Edges>
			28:(16, 17)
		</Edges>
		<EdgeNum>
			1
		</EdgeNum>
		<Probability>
			3.06682369621877e-08
		</Probability>
	</PSRLG>	
	<PSRLG>
		<Edges>
			26:(15, 16)
		</Edges>
		<EdgeNum>
			1
		</EdgeNum>
		<Probability>
			8.127082794979737e-07
		</Probability>
	</PSRLG>	
	<PSRLG>
		<Edges>
			5:(2, 16)
		</Edges>
		<EdgeNum>
			1
		</EdgeNum>
		<Probability>
			4.370223767111746e-06
		</Probability>
	</PSRLG>	
	<PSRLG>
		<Edges>
			6:(2, 31)
		</Edges>
		<EdgeNum>
			1
		</EdgeNum>
		<Probability>
			1.533411848109385e-08
		</Probability>
	</PSRLG>	
	<PSRLG>
		<Edges>
			24:(14, 15)
		</Edges>
		<EdgeNum>
			1
		</EdgeNum>
		<Probability>
			2.606800141785955e-07
		</Probability>
	</PSRLG>	
	<PSRLG>
		<Edges>
			3:(1, 2)
		</Edges>
		<EdgeNum>
			1
		</EdgeNum>
		<Probability>
			1.640750677477044e-06
		</Probability>
	</PSRLG>	
	<PSRLG>
		<Edges>
			3:(1, 2)
			4:(2, 3)
			5:(2, 16)
			6:(2, 31)
		</Edges>
		<EdgeNum>
			4
		</EdgeNum>
		<Probability>
			3.833529620273461e-07
		</Probability>
	</PSRLG>	
	<PSRLG>
		<Edges>
			4:(2, 3)
		</Edges>
		<EdgeNum>
			1
		</EdgeNum>
		<Probability>
			1.2727318339307906e-06
		</Probability>
	</PSRLG>	
	<PSRLG>
		<Edges>
			3:(1, 2)
			4:(2, 3)
		</Edges>
		<EdgeNum>
			2
		</EdgeNum>
		<Probability>
			1.533411848109385e-08
		</Probability>
	</PSRLG>	
	<PSRLG>
		<Edges>
			0:(0, 1)
		</Edges>
		<EdgeNum>
			1
		</EdgeNum>
		<Probability>
			1.659151619654367e-05
		</Probability>
	</PSRLG>	
	<PSRLG>
		<Edges>
			2:(0, 3)
			4:(2, 3)
			7:(3, 4)
			8:(3, 8)
		</Edges>
		<EdgeNum>
			4
		</EdgeNum>
		<Probability>
			1.533411848109385e-08
		</Probability>
	</PSRLG>	
	<PSRLG>
		<Edges>
			8:(3, 8)
		</Edges>
		<EdgeNum>
			1
		</EdgeNum>
		<Probability>
			3.6801884354625236e-07
		</Probability>
	</PSRLG>	
	<PSRLG>
		<Edges>
			15:(8, 15)
		</Edges>
		<EdgeNum>
			1
		</EdgeNum>
		<Probability>
			7.667059240546926e-08
		</Probability>
	</PSRLG>	
	<PSRLG>
		<Edges>
			2:(0, 3)
		</Edges>
		<EdgeNum>
			1
		</EdgeNum>
		<Probability>
			2.36145424608846e-06
		</Probability>
	</PSRLG>	
	<PSRLG>
		<Edges>
			7:(3, 4)
		</Edges>
		<EdgeNum>
			1
		</EdgeNum>
		<Probability>
			5.213600283571908e-07
		</Probability>
	</PSRLG>	
	<PSRLG>
		<Edges>
			11:(6, 7)
		</Edges>
		<EdgeNum>
			1
		</EdgeNum>
		<Probability>
			1.5334118481093852e-07
		</Probability>
	</PSRLG>	
	<PSRLG>
		<Edges>
			12:(6, 36)
		</Edges>
		<EdgeNum>
			1
		</EdgeNum>
		<Probability>
			5.060259098760969e-07
		</Probability>
	</PSRLG>	
	<PSRLG>
		<Edges>
			9:(4, 5)
		</Edges>
		<EdgeNum>
			1
		</EdgeNum>
		<Probability>
			1.2727318339307906e-06
		</Probability>
	</PSRLG>	
	<PSRLG>
		<Edges>
			1:(0, 5)
			9:(4, 5)
		</Edges>
		<EdgeNum>
			2
		</EdgeNum>
		<Probability>
			1.380070663298447e-07
		</Probability>
	</PSRLG>	
	<PSRLG>
		<Edges>
			1:(0, 5)
		</Edges>
		<EdgeNum>
			1
		</EdgeNum>
		<Probability>
			1.4720753741850118e-06
		</Probability>
	</PSRLG>
</PSRLGList>
</simulation>