<simulation>
<NetName>
	interoute_v2
</NetName>
<IntensityTolerance>	11</IntensityTolerance>
<log_type>
	complete
</log_type>
<spherical>
	1
</spherical>
<log_size>
	11
</log_size>
<PSRLGList>	
	<PSRLG>
		<Edges>
			4:(2, 1)
		</Edges>
		<EdgeNum>
			1
		</EdgeNum>
		<Probability>
			4.617260699299302e-07
		</Probability>
	</PSRLG>	
	<PSRLG>
		<Edges>
		
		</Edges>
		<EdgeNum>
			0
		</EdgeNum>
		<Probability>
			9.251901483285513e-06
		</Probability>
	</PSRLG>	
	<PSRLG>
		<Edges>
			4:(2, 1)
			5:(2, 24)
		</Edges>
		<EdgeNum>
			2
		</EdgeNum>
		<Probability>
			1.1993795037382587e-08
		</Probability>
	</PSRLG>	
	<PSRLG>
		<Edges>
			5:(2, 24)
		</Edges>
		<EdgeNum>
			1
		</EdgeNum>
		<Probability>
			9.577554288636764e-07
		</Probability>
	</PSRLG>	
	<PSRLG>
		<Edges>
			34:(24, 18)
		</Edges>
		<EdgeNum>
			1
		</EdgeNum>
		<Probability>
			2.911967635912747e-06
		</Probability>
	</PSRLG>	
	<PSRLG>
		<Edges>
			25:(18, 2)
		</Edges>
		<EdgeNum>
			1
		</EdgeNum>
		<Probability>
			2.971655445661346e-06
		</Probability>
	</PSRLG>	
	<PSRLG>
		<Edges>
			6:(4, 5)
		</Edges>
		<EdgeNum>
			1
		</EdgeNum>
		<Probability>
			2.9343203039945037e-07
		</Probability>
	</PSRLG>	
	<PSRLG>
		<Edges>
			6:(4, 5)
			24:(18, 4)
		</Edges>
		<EdgeNum>
			2
		</EdgeNum>
		<Probability>
			3.963912834804101e-08
		</Probability>
	</PSRLG>	
	<PSRLG>
		<Edges>
			24:(18, 4)
		</Edges>
		<EdgeNum>
			1
		</EdgeNum>
		<Probability>
			5.085557699334251e-07
		</Probability>
	</PSRLG>	
	<PSRLG>
		<Edges>
			23:(18, 3)
		</Edges>
		<EdgeNum>
			1
		</EdgeNum>
		<Probability>
			5.286060040832899e-07
		</Probability>
	</PSRLG>	
	<PSRLG>
		<Edges>
			7:(5, 3)
		</Edges>
		<EdgeNum>
			1
		</EdgeNum>
		<Probability>
			6.698360218870762e-07
		</Probability>
	</PSRLG>
</PSRLGList>
</simulation>