<simulation>
<NetName>
	interoute_v2
</NetName>
<IntensityTolerance>	10</IntensityTolerance>
<log_type>
	simple
</log_type>
<spherical>
	1
</spherical>
<log_size>
	37
</log_size>
<PSRLGList>	
	<PSRLG>
		<Edges>
			33:(23, 17)
		</Edges>
		<EdgeNum>
			1
		</EdgeNum>
		<Probability>
			2.3609205600625036e-06
		</Probability>
	</PSRLG>	
	<PSRLG>
		<Edges>
			32:(22, 17)
		</Edges>
		<EdgeNum>
			1
		</EdgeNum>
		<Probability>
			1.7418332012702213e-07
		</Probability>
	</PSRLG>	
	<PSRLG>
		<Edges>
			22:(16, 17)
		</Edges>
		<EdgeNum>
			1
		</EdgeNum>
		<Probability>
			1.1943341102891494e-07
		</Probability>
	</PSRLG>	
	<PSRLG>
		<Edges>
			21:(15, 22)
		</Edges>
		<EdgeNum>
			1
		</EdgeNum>
		<Probability>
			6.053115930727036e-07
		</Probability>
	</PSRLG>	
	<PSRLG>
		<Edges>
			13:(8, 15)
		</Edges>
		<EdgeNum>
			1
		</EdgeNum>
		<Probability>
			4.965449869360233e-06
		</Probability>
	</PSRLG>	
	<PSRLG>
		<Edges>
			17:(12, 9)
		</Edges>
		<EdgeNum>
			1
		</EdgeNum>
		<Probability>
			4.814486417097997e-07
		</Probability>
	</PSRLG>	
	<PSRLG>
		<Edges>
			12:(8, 16)
		</Edges>
		<EdgeNum>
			1
		</EdgeNum>
		<Probability>
			1.075763701105934e-06
		</Probability>
	</PSRLG>	
	<PSRLG>
		<Edges>
			12:(8, 16)
			13:(8, 15)
		</Edges>
		<EdgeNum>
			2
		</EdgeNum>
		<Probability>
			1.7301224005634932e-08
		</Probability>
	</PSRLG>	
	<PSRLG>
		<Edges>
			3:(1, 8)
			11:(7, 8)
			12:(8, 16)
			13:(8, 15)
		</Edges>
		<EdgeNum>
			4
		</EdgeNum>
		<Probability>
			3.0240774511382904e-07
		</Probability>
	</PSRLG>	
	<PSRLG>
		<Edges>
			3:(1, 8)
			12:(8, 16)
		</Edges>
		<EdgeNum>
			2
		</EdgeNum>
		<Probability>
			1.95389174382563e-08
		</Probability>
	</PSRLG>	
	<PSRLG>
		<Edges>
			9:(6, 9)
		</Edges>
		<EdgeNum>
			1
		</EdgeNum>
		<Probability>
			4.395708587188495e-06
		</Probability>
	</PSRLG>	
	<PSRLG>
		<Edges>
			11:(7, 8)
			13:(8, 15)
		</Edges>
		<EdgeNum>
			2
		</EdgeNum>
		<Probability>
			2.206212333198427e-08
		</Probability>
	</PSRLG>	
	<PSRLG>
		<Edges>
			11:(7, 8)
		</Edges>
		<EdgeNum>
			1
		</EdgeNum>
		<Probability>
			5.253236598135058e-06
		</Probability>
	</PSRLG>	
	<PSRLG>
		<Edges>
			3:(1, 8)
			11:(7, 8)
		</Edges>
		<EdgeNum>
			2
		</EdgeNum>
		<Probability>
			3.4514236438123686e-08
		</Probability>
	</PSRLG>	
	<PSRLG>
		<Edges>
			3:(1, 8)
		</Edges>
		<EdgeNum>
			1
		</EdgeNum>
		<Probability>
			1.9197755929458558e-05
		</Probability>
	</PSRLG>	
	<PSRLG>
		<Edges>
			8:(6, 7)
		</Edges>
		<EdgeNum>
			1
		</EdgeNum>
		<Probability>
			3.4242103753023368e-06
		</Probability>
	</PSRLG>	
	<PSRLG>
		<Edges>
			8:(6, 7)
			11:(7, 8)
		</Edges>
		<EdgeNum>
			2
		</EdgeNum>
		<Probability>
			3.388231596612741e-08
		</Probability>
	</PSRLG>	
	<PSRLG>
		<Edges>
			0:(0, 7)
			8:(6, 7)
			11:(7, 8)
		</Edges>
		<EdgeNum>
			3
		</EdgeNum>
		<Probability>
			4.2571770715719637e-07
		</Probability>
	</PSRLG>	
	<PSRLG>
		<Edges>
			8:(6, 7)
			9:(6, 9)
		</Edges>
		<EdgeNum>
			2
		</EdgeNum>
		<Probability>
			8.355068692329937e-08
		</Probability>
	</PSRLG>	
	<PSRLG>
		<Edges>
			0:(0, 7)
		</Edges>
		<EdgeNum>
			1
		</EdgeNum>
		<Probability>
			1.5551236811778924e-05
		</Probability>
	</PSRLG>	
	<PSRLG>
		<Edges>
			8:(6, 7)
			9:(6, 9)
			10:(6, 20)
		</Edges>
		<EdgeNum>
			3
		</EdgeNum>
		<Probability>
			1.1723807613815402e-07
		</Probability>
	</PSRLG>	
	<PSRLG>
		<Edges>
			2:(1, 0)
		</Edges>
		<EdgeNum>
			1
		</EdgeNum>
		<Probability>
			1.6650494596335687e-05
		</Probability>
	</PSRLG>	
	<PSRLG>
		<Edges>
			4:(2, 1)
		</Edges>
		<EdgeNum>
			1
		</EdgeNum>
		<Probability>
			7.479280235377805e-06
		</Probability>
	</PSRLG>	
	<PSRLG>
		<Edges>
			4:(2, 1)
			5:(2, 24)
		</Edges>
		<EdgeNum>
			2
		</EdgeNum>
		<Probability>
			3.352350512140197e-07
		</Probability>
	</PSRLG>	
	<PSRLG>
		<Edges>
			5:(2, 24)
		</Edges>
		<EdgeNum>
			1
		</EdgeNum>
		<Probability>
			1.5088746720594741e-05
		</Probability>
	</PSRLG>	
	<PSRLG>
		<Edges>
			34:(24, 18)
		</Edges>
		<EdgeNum>
			1
		</EdgeNum>
		<Probability>
			4.248949768989178e-05
		</Probability>
	</PSRLG>	
	<PSRLG>
		<Edges>
			25:(18, 2)
		</Edges>
		<EdgeNum>
			1
		</EdgeNum>
		<Probability>
			4.192337481213028e-05
		</Probability>
	</PSRLG>	
	<PSRLG>
		<Edges>
			25:(18, 2)
			34:(24, 18)
		</Edges>
		<EdgeNum>
			2
		</EdgeNum>
		<Probability>
			2.471655297310331e-07
		</Probability>
	</PSRLG>	
	<PSRLG>
		<Edges>
			6:(4, 5)
			24:(18, 4)
		</Edges>
		<EdgeNum>
			2
		</EdgeNum>
		<Probability>
			1.5853886652751237e-06
		</Probability>
	</PSRLG>	
	<PSRLG>
		<Edges>
			6:(4, 5)
		</Edges>
		<EdgeNum>
			1
		</EdgeNum>
		<Probability>
			3.144514506288607e-06
		</Probability>
	</PSRLG>	
	<PSRLG>
		<Edges>
			24:(18, 4)
		</Edges>
		<EdgeNum>
			1
		</EdgeNum>
		<Probability>
			7.564498961415482e-06
		</Probability>
	</PSRLG>	
	<PSRLG>
		<Edges>
			23:(18, 3)
			24:(18, 4)
			25:(18, 2)
		</Edges>
		<EdgeNum>
			3
		</EdgeNum>
		<Probability>
			5.133868345774138e-08
		</Probability>
	</PSRLG>	
	<PSRLG>
		<Edges>
			23:(18, 3)
			24:(18, 4)
		</Edges>
		<EdgeNum>
			2
		</EdgeNum>
		<Probability>
			2.377491968058657e-08
		</Probability>
	</PSRLG>	
	<PSRLG>
		<Edges>
			23:(18, 3)
		</Edges>
		<EdgeNum>
			1
		</EdgeNum>
		<Probability>
			8.074817838486846e-06
		</Probability>
	</PSRLG>	
	<PSRLG>
		<Edges>
			23:(18, 3)
			25:(18, 2)
		</Edges>
		<EdgeNum>
			2
		</EdgeNum>
		<Probability>
			3.7695176958706364e-08
		</Probability>
	</PSRLG>	
	<PSRLG>
		<Edges>
			7:(5, 3)
			23:(18, 3)
		</Edges>
		<EdgeNum>
			2
		</EdgeNum>
		<Probability>
			1.1395564772906713e-06
		</Probability>
	</PSRLG>	
	<PSRLG>
		<Edges>
			7:(5, 3)
		</Edges>
		<EdgeNum>
			1
		</EdgeNum>
		<Probability>
			8.976130887413599e-06
		</Probability>
	</PSRLG>
</PSRLGList>
</simulation>