<simulation>
<NetName>
	italy_995.gml
</NetName>
<IntensityTolerance>	11</IntensityTolerance>
<log_type>
	simple
</log_type>
<spherical>
	1
</spherical>
<log_size>
	31
</log_size>
<PSRLGList>	
	<PSRLG>
		<Edges>
			8:(2, 17)
		</Edges>
		<EdgeNum>
			1
		</EdgeNum>
		<Probability>
			9.874095439981015e-07
		</Probability>
	</PSRLG>	
	<PSRLG>
		<Edges>
			7:(2, 29)
		</Edges>
		<EdgeNum>
			1
		</EdgeNum>
		<Probability>
			2.5549773113023397e-07
		</Probability>
	</PSRLG>	
	<PSRLG>
		<Edges>
			29:(8, 17)
		</Edges>
		<EdgeNum>
			1
		</EdgeNum>
		<Probability>
			3.488572527387279e-07
		</Probability>
	</PSRLG>	
	<PSRLG>
		<Edges>
			9:(2, 8)
		</Edges>
		<EdgeNum>
			1
		</EdgeNum>
		<Probability>
			3.5330504209311054e-08
		</Probability>
	</PSRLG>	
	<PSRLG>
		<Edges>
			30:(8, 14)
		</Edges>
		<EdgeNum>
			1
		</EdgeNum>
		<Probability>
			5.165396462095206e-07
		</Probability>
	</PSRLG>	
	<PSRLG>
		<Edges>
			31:(8, 20)
		</Edges>
		<EdgeNum>
			1
		</EdgeNum>
		<Probability>
			2.95961748783572e-07
		</Probability>
	</PSRLG>	
	<PSRLG>
		<Edges>
			10:(2, 14)
		</Edges>
		<EdgeNum>
			1
		</EdgeNum>
		<Probability>
			7.747235748400416e-07
		</Probability>
	</PSRLG>	
	<PSRLG>
		<Edges>
			10:(2, 14)
			31:(8, 20)
		</Edges>
		<EdgeNum>
			2
		</EdgeNum>
		<Probability>
			2.7471187432521273e-08
		</Probability>
	</PSRLG>	
	<PSRLG>
		<Edges>
			11:(2, 20)
		</Edges>
		<EdgeNum>
			1
		</EdgeNum>
		<Probability>
			8.590585615646531e-08
		</Probability>
	</PSRLG>	
	<PSRLG>
		<Edges>
			59:(20, 24)
		</Edges>
		<EdgeNum>
			1
		</EdgeNum>
		<Probability>
			5.598017196013134e-07
		</Probability>
	</PSRLG>	
	<PSRLG>
		<Edges>
			11:(2, 20)
			22:(6, 20)
			31:(8, 20)
			59:(20, 24)
			60:(20, 27)
		</Edges>
		<EdgeNum>
			5
		</EdgeNum>
		<Probability>
			5.4508457645575476e-08
		</Probability>
	</PSRLG>	
	<PSRLG>
		<Edges>
			11:(2, 20)
			60:(20, 27)
		</Edges>
		<EdgeNum>
			2
		</EdgeNum>
		<Probability>
			6.945833985355325e-08
		</Probability>
	</PSRLG>	
	<PSRLG>
		<Edges>
			60:(20, 27)
		</Edges>
		<EdgeNum>
			1
		</EdgeNum>
		<Probability>
			3.944788819825037e-07
		</Probability>
	</PSRLG>	
	<PSRLG>
		<Edges>
			12:(2, 27)
		</Edges>
		<EdgeNum>
			1
		</EdgeNum>
		<Probability>
			9.645085626295535e-09
		</Probability>
	</PSRLG>	
	<PSRLG>
		<Edges>
			22:(6, 20)
		</Edges>
		<EdgeNum>
			1
		</EdgeNum>
		<Probability>
			1.964190442011266e-06
		</Probability>
	</PSRLG>	
	<PSRLG>
		<Edges>
			23:(6, 27)
		</Edges>
		<EdgeNum>
			1
		</EdgeNum>
		<Probability>
			9.259569053614195e-07
		</Probability>
	</PSRLG>	
	<PSRLG>
		<Edges>
			21:(6, 24)
		</Edges>
		<EdgeNum>
			1
		</EdgeNum>
		<Probability>
			6.351742890700639e-07
		</Probability>
	</PSRLG>	
	<PSRLG>
		<Edges>
			21:(6, 24)
			22:(6, 20)
		</Edges>
		<EdgeNum>
			2
		</EdgeNum>
		<Probability>
			5.9480698651228945e-08
		</Probability>
	</PSRLG>	
	<PSRLG>
		<Edges>
			21:(6, 24)
			22:(6, 20)
			23:(6, 27)
		</Edges>
		<EdgeNum>
			3
		</EdgeNum>
		<Probability>
			1.7491762874195453e-08
		</Probability>
	</PSRLG>	
	<PSRLG>
		<Edges>
			22:(6, 20)
			23:(6, 27)
		</Edges>
		<EdgeNum>
			2
		</EdgeNum>
		<Probability>
			2.1487123279090767e-08
		</Probability>
	</PSRLG>	
	<PSRLG>
		<Edges>
			24:(6, 21)
		</Edges>
		<EdgeNum>
			1
		</EdgeNum>
		<Probability>
			1.201579695416818e-06
		</Probability>
	</PSRLG>	
	<PSRLG>
		<Edges>
			21:(6, 24)
			22:(6, 20)
			23:(6, 27)
			24:(6, 21)
		</Edges>
		<EdgeNum>
			4
		</EdgeNum>
		<Probability>
			3.656718451681657e-08
		</Probability>
	</PSRLG>	
	<PSRLG>
		<Edges>
			50:(14, 15)
		</Edges>
		<EdgeNum>
			1
		</EdgeNum>
		<Probability>
			2.606665647370277e-07
		</Probability>
	</PSRLG>	
	<PSRLG>
		<Edges>
			20:(5, 15)
		</Edges>
		<EdgeNum>
			1
		</EdgeNum>
		<Probability>
			1.284058406993439e-07
		</Probability>
	</PSRLG>	
	<PSRLG>
		<Edges>
			40:(11, 24)
		</Edges>
		<EdgeNum>
			1
		</EdgeNum>
		<Probability>
			7.324389312836554e-08
		</Probability>
	</PSRLG>	
	<PSRLG>
		<Edges>
			61:(21, 24)
		</Edges>
		<EdgeNum>
			1
		</EdgeNum>
		<Probability>
			1.8844300582611616e-07
		</Probability>
	</PSRLG>	
	<PSRLG>
		<Edges>
			41:(11, 15)
		</Edges>
		<EdgeNum>
			1
		</EdgeNum>
		<Probability>
			3.34019932126547e-07
		</Probability>
	</PSRLG>	
	<PSRLG>
		<Edges>
			40:(11, 24)
			41:(11, 15)
			42:(11, 21)
		</Edges>
		<EdgeNum>
			3
		</EdgeNum>
		<Probability>
			4.353160805201984e-08
		</Probability>
	</PSRLG>	
	<PSRLG>
		<Edges>
			42:(11, 21)
		</Edges>
		<EdgeNum>
			1
		</EdgeNum>
		<Probability>
			6.783663242559537e-08
		</Probability>
	</PSRLG>	
	<PSRLG>
		<Edges>
			42:(11, 21)
			61:(21, 24)
		</Edges>
		<EdgeNum>
			2
		</EdgeNum>
		<Probability>
			2.1689180384910036e-08
		</Probability>
	</PSRLG>	
	<PSRLG>
		<Edges>
			24:(6, 21)
			42:(11, 21)
			61:(21, 24)
		</Edges>
		<EdgeNum>
			3
		</EdgeNum>
		<Probability>
			4.806657023832407e-08
		</Probability>
	</PSRLG>
</PSRLGList>
</simulation>